epoch,train_loss,eval_loss,eval_top1,eval_top5,lr,Active layers,Total Training Time (s),Epoch Time (s),FLOPs,Layers,Spectral norm,Frobenius norm
0,2.1485341153895807,1.8772085580825806,33.29,85.46,1e-05,16,69.52074098587036,69.52073836326599,1034969088.0,16,4102.083984375,484986.65625
1,2.0806125112440768,1.7587549827575684,37.6,87.34,1.9e-05,16,135.45515847206116,65.72724270820618,2049884160.0,32,4102.00390625,484953.25
2,2.0473868497355188,1.6769435285568237,41.8,89.98,2.8000000000000003e-05,16,201.2676272392273,65.61384153366089,3064799232.0,48,4101.80029296875,484896.4375
3,2.0292309217355315,1.6334399562835693,43.31,90.68,3.7e-05,16,267.04386734962463,65.57575559616089,4079714304.0,64,4101.609375,484837.0625
4,2.002348522065391,1.5601607912063598,46.36,92.42,4.6e-05,16,332.77101135253906,65.52640199661255,5094629376.0,80,4101.28076171875,484756.5625
