epoch,train_loss,eval_loss,eval_top1,eval_top5,lr,Active layers,Total Training Time (s),Epoch Time (s),FLOPs,Layers,Spectral norm,Frobenius norm
0,2.16394273633383,1.8996460933685302,32.91,84.9,1e-05,8,47.08778929710388,47.087785720825195,527511552.0,8,2067.62890625,245150.5625
1,2.0900218357044666,1.7908509269714354,37.22,87.6,1.9e-05,8,90.89669275283813,43.69336819648743,1034969088.0,16,2067.710205078125,245145.515625
2,2.0596860184712233,1.706085587501526,40.82,89.15,2.8000000000000003e-05,8,134.63649559020996,43.63235640525818,1542426624.0,24,2067.7509765625,245130.40625
3,2.0458918529039156,1.6657735717773436,43.06,90.32,3.7e-05,8,178.40794825553894,43.661312103271484,2049884160.0,32,2067.802734375,245117.578125
4,2.0152868291937893,1.6089285484313964,43.38,91.48,4.6e-05,8,222.20138502120972,43.655142307281494,2557341696.0,40,2067.854248046875,245098.40625
5,1.9915495746114342,1.5666217893600465,46.86,91.89,5.5e-05,8,265.9665367603302,43.65037441253662,3064799232.0,48,2067.924072265625,245083.4375
