epoch,train_loss,eval_loss,eval_top1,eval_top5,lr,Active layers,Total Training Time (s),Epoch Time (s),FLOPs,Layers,Spectral norm,Frobenius norm
0,2.1484839774277087,1.8771755123138427,33.08,85.49,1e-05,1,68.09337544441223,68.09337282180786,83486208.0,1,4102.08447265625,484986.78125
1,2.080672121231138,1.7587419340133668,37.49,87.4,1.9e-05,1,134.05875968933105,65.76379418373108,146918400.0,2,4102.0078125,484953.78125
2,2.0471870229125178,1.6757494585037231,42.3,89.92,2.8000000000000003e-05,1,200.02455711364746,65.76137518882751,210350592.0,3,4101.80810546875,484897.59375
3,2.0290557550559734,1.6313510158538818,43.21,90.72,3.7e-05,1,266.02291893959045,65.79612278938293,273782784.0,4,4101.611328125,484837.96875
4,2.002505390500595,1.562851821899414,46.43,92.55,4.6e-05,1,332.0433564186096,65.82146263122559,337214976.0,5,4101.287109375,484757.25
