epoch,train_loss,eval_loss,eval_top1,eval_top5,lr,Active layers,Total Training Time (s),Epoch Time (s),FLOPs,Layers,Spectral norm,Frobenius norm
0,2.1484839774277087,1.8771755123138427,33.08,85.49,1e-05,1,68.09337544441223,68.09337282180786,83486208.0,1,4102.08447265625,484986.78125
1,2.080672121231138,1.7587419340133668,37.49,87.4,1.9e-05,1,134.05875968933105,65.76379418373108,146918400.0,2,4102.0078125,484953.78125
