epoch,train_loss,eval_loss,eval_top1,eval_top5,lr
28,2.1625592947006225,1.4849247449874878,61.10000006103515,85.70000001220703,7.795964517353735e-05
29,2.144214653968811,1.450430870437622,62.579999993896486,86.34000002441407,7.649596321166024e-05
