epoch,train_loss,eval_loss,eval_top1,eval_top5,lr
10,1.7118120789527893,1.3693292152404786,52.32,93.62,9.698463103929542e-05
11,1.7265353202819824,1.3463339406967163,53.36,94.19,9.635919272833938e-05
12,1.7063557803630829,1.3384113403320312,53.49,93.82,9.567727288213005e-05
13,1.660009652376175,1.3145924167633056,54.01,93.95,9.493970231495835e-05
14,1.6710143983364105,1.288688416671753,55.4,94.25,9.414737964294636e-05
15,1.6491104662418365,1.2694114185333252,56.28,94.43,9.330127018922194e-05
16,1.6282358765602112,1.2470273216247558,56.97,94.85,9.24024048078213e-05
17,1.6128409206867218,1.2361685958862305,56.75,95.06,9.145187862775209e-05
