epoch,train_loss,eval_loss,eval_top1,eval_top5,lr,Active layers,Total Training Time (s),Epoch Time (s),FLOPs,Layers,Spectral norm,Frobenius norm
0,2.2040101972035346,2.031448179244995,25.06,80.72,1e-05,1,26.91630482673645,26.916301727294922,83486208.0,1,4102.3984375,485036.3125
1,2.1347030988881284,1.9038532596588136,32.74,84.26,1.9e-05,1,51.533581256866455,24.51009726524353,146918400.0,2,4102.7373046875,485066.1875
2,2.0956232558444583,1.8271734186172486,35.69,86.6,2.8000000000000003e-05,1,76.08575320243835,24.452632188796997,210350592.0,3,4103.015625,485092.6875
