epoch,train_loss,eval_loss,eval_top1,eval_top5,lr
0,4.337979735209559,4.130139442443848,7.64,24.84,1e-05
1,4.157789251319801,3.8456794635772704,12.68,33.32,2.8000000000000003e-05
2,3.9713454827500545,3.5603700408935546,17.3,41.96,4.6e-05
3,3.7971531783124193,3.3401299755096434,19.82,47.06,6.4e-05
4,3.628752492677093,3.0784274353027343,25.88,54.5,8.2e-05
5,3.438429462897645,2.868144515991211,29.24,60.02,5e-05
6,3.326826748640641,2.773268914794922,31.64,62.88,3.4549150281252636e-05
