epoch,train_loss,eval_loss,eval_top1,eval_top5,lr,active_layers
0,2.1487548314655025,1.8769512411117553,33.37,85.34,1e-05,2
1,2.0807299661270022,1.7590455726623535,37.54,87.43,1.9e-05,2
2,2.047662500840601,1.6766109527587891,42.22,89.93,2.8000000000000003e-05,2
