epoch,train_loss,eval_loss,eval_top1,eval_top5,lr,Active layers,Total Training Time (s),Epoch Time (s),FLOPs,Layers,Spectral norm,Frobenius norm
0,2.148749876113921,1.8777894218444824,32.93,85.37,1e-05,1,67.78313565254211,67.78313207626343,83486208.0,1,4102.08154296875,484986.625
1,2.080789647700692,1.759971614074707,37.62,87.34,1.9e-05,1,133.03670406341553,65.0481584072113,146918400.0,2,4102.0087890625,484953.5
2,2.047435176051991,1.6776870975494385,41.9,90.2,2.8000000000000003e-05,1,198.26382184028625,65.02673435211182,210350592.0,3,4101.80712890625,484896.6875
3,2.0290828964621705,1.6302931972503663,43.51,90.64,3.7e-05,1,263.5302848815918,65.06493902206421,273782784.0,4,4101.611328125,484836.9375
4,2.0025555060248674,1.5625778680801392,46.65,92.45,4.6e-05,1,328.9366407394409,65.20196843147278,337214976.0,5,4101.2890625,484757.21875
5,1.9826140716652865,1.52149425907135,47.48,92.48,5.5e-05,1,394.30018639564514,65.15240478515625,400647168.0,6,4101.03515625,484684.09375
6,1.9563249212221054,1.4905936037063598,50.37,92.76,6.4e-05,1,459.71851921081543,65.21540927886963,464079360.0,7,4100.638671875,484587.34375
