epoch,train_loss,eval_loss,eval_top1,eval_top5,lr
10,3.28721570341845,2.643707468032837,34.46,64.92,9.698463103929542e-05
11,3.1684820459151775,2.529242413139343,35.94,67.1,9.635919272833938e-05
12,3.06078008862911,2.392665114974976,39.44,70.3,9.567727288213005e-05
epoch,train_loss,eval_loss,eval_top1,eval_top5,lr
10,3.177445316314697,2.6294600685119627,33.99999998779297,64.92000007324219,9.698463103929542e-05
13,2.964826448139696,2.2949941343307496,41.84,72.0,9.493970231495835e-05
14,2.875947473504787,2.182262494659424,43.66,74.44,9.414737964294636e-05
